Data,Sentiment
. الجو اليوم so nice ما شاء الله,Positive
"يا جماعة ، لا تنسون إنه عندنا meeting بكرة !",Neutral
" والله today كان يوم hectic ، والشغل كان مرره overwhelming.",Negative
".هلا ، how are you doing اليوم ؟",Neutral
I was thinking اروح للسوق ولكن I decided to stay home.,Neutral
: بدأت أشتغل on my new project والموضوع جداً exciting لأنه something I've been passionate about for years,Positive
I can't believe أنك نسيت تجيب الهدية لعيد ميلادي !,Negative
"I'm really hungry , وش رايكم نطلب بيتزا tonight ?",Neutral
I can't believe راح نسافر بكرة Dubai .,Positive
"Today , رايح أزور أهلي because it's been a long time .",Neutral
I can't believe ما رحت السوق yesterday because كنت مشغول with work all day .,Negative
I can't wait to travel بس لازم أخلص شغلي الأول .,Neutral
I can't wait to أزور الرياض لأنه الجو there is amazing in the winter .,Positive
I love visiting الرياض during the winter because الطقس يكون جميل جداً .,Positive
"I’m running late , السيارة ما اشتغلت !",Negative
Today الجو كان حار so I decided to stay indoors واسترخي .,Neutral
I’m so tired الحين وتوني راجع من السفر .,Negative
What's the plan اليوم بعد الجامعة ؟,Neutral
"Yesterday , رحت لمطعم وشفت there was a new menu .",Neutral
Yesterday أنا رحت للسوق and bought some fresh vegetables عشان أعمل dinner for my family .,Neutral
الحين we’re going to the market عشان نشتري some groceries .,Neutral
"I'm feeling tired , بس لازم أخلص الشغل قبل الويكند .",Negative
Last weekend رحنا البحر we had a great time وسوينا شواء with friends .,Positive
Today الجو كان جداً حار in Riyadh !,Negative
Today رح أزور صديقي في الرياض to catch up and have dinner with him .,Neutral
‏الخطة الأسبوع الجاي إن شاء الله we will go hiking in Alula .,Neutral
We went to the mall ومع الأسف كان زحمة !,Negative
المسا اشتريت a new car من الوكالة وعندي plans to go on a road trip بكرة .,Neutral
الويكند الجاي إن شاء الله I'm planning a trip to Dubai .,Neutral
الويكند الجاي بنروح للبحر عشان نعمل some jet skiing .,Neutral
"Wow ، المطعم اليوم كان جداً crowded ، ما قدرنا نحجز طاولة .",Negative
"Yesterday , رحت للسوق to buy some groceries and , you know , كان مرة زحمة !",Negative
Yesterday أنا رحت للسوق with my friends وحنا انبسطنا كثير .,Positive
ابغى أشتري a new car بس الميزانية ما تسمح right now .,Negative
الويكند الجاي بنسافر للخبر with the family .,Neutral
"الجو اليوم is really nice , ومناسب إنك تقضي وقتك with friends .",Positive
"الجو اليوم so nice and cool ، وش رايك نطلع نسوي something fun ؟",Positive
الويكند هذا حروح مع الشباب لل desert عشان نعمل campfire ونشوي .,Neutral
"الجو اليوم was incredibly hot , وأنا كنت ناوي swim لكنه كان مستحيل .",Negative
الويكند هذا نبغى نروح السينما ونشوف the new movie .,Neutral
اليوم after work بنروح المول we can have dinner there .,Neutral
"الجو اليوم حلو , let's go for a walk !",Positive
الحفلة كانت amazing أمس .,Positive
الحفلة كانت amazing والأجواء كانت مرّة حماس !,Positive
اليوم I'm going to الراشد مول .,Neutral
الحفلة كانت amazing والناس كانوا مره friendly .,Positive
اليوم I'm planning نسافر للرياض to visit العائلة .,Neutral
"الحياة في السعودية it's quite interesting , خاصة لما تتعرف على ناس جدد .",Positive
الدراسة في الجامعة ممتعة because I get to meet new people and learn new things .,Positive
الدوام اليوم كان busy والصراحة تعبنا كثير .,Negative
الرحة اللي تجي في القلب when you follow your passion is something لا يوصف .,Positive
الشيء اللي أحب أسويه في الويكند is to relax and watch some movies with my family .,Positive
الكافي الجديد اللي جنب بيتي كثير cozy وريحته amazing .,Positive
الكلاس كان today جداً interesting !,Positive
اليوم I decided to go to the mall with my friends عشان نتسوق ونشوف فيلم جديد .,Neutral
المساء كان لطيف جداً because the weather was perfect for a walk .,Positive
المشروع الجديد it's very challenging بس إن شاء الله ننجح .,Neutral
المشروع الجديد really challenging بس إحنا متحمسين .,Positive
"المشروع جديد وما توقعنا يكون بهذا النجاح ، it's really impressive how fast it's growing .",Positive
اليوم I have a meeting بالليل .,Neutral
المشكلة إنو ال traffic اليوم كان مرة bad .,Negative
المطعم الجديد اللي جربناه أمس كان really amazing !,Positive
اليوم I need to finish some important work قبل ما أروح .,Neutral
المطعم الجديد كان جداً زحمة yesterday .,Negative
المطعم دا مرره زحمة today !,Negative
المكان كان crowded والموسيقى كانت مرة loud .,Negative
المكان كان crowded وبصراحة ما كنت comfortable هناك .,Negative
اليوم I want to try a new restaurant اللي فتح قريب مني .,Neutral
المكان هذا is really beautiful وخاصة في الشتاء .,Positive
اليوم I went to the mall and اشتريت بعض الملابس الجديدة .,Neutral
"المكان هذا مرة crowded ، مافي مكان نوقف السيارة .",Negative
اليوم felt so long بسبب ال meetings الكثيرة .,Negative
اليوم I'm feeling so tired بسبب الشغل الكثير .,Negative
اليوم I went to the mall with my friends وشرينا أغراض جديدة .,Neutral
"اليوم I'm feeling super tired , ما نمت كويس last night .",Negative
اليوم I went to the mall مع أصحابي و we watched a new movie .,Neutral
اليوم I am feeling جداً سعيد to see you .,Positive
اليوم I decided أروح على الكورنيش واستمتع بالجو الجميل .,Positive
اليوم I went to the market with my friends عشان نشتري بعض الأشياء الجديدة .,Neutral
"اليوم I feel like studying , بس عندي كثير مشاغل .",Negative
اليوم I have a lot of meetings وما أعرف كيف بخلص كل شيء .,Negative
اليوم I have a lot of work بس المعنويات ممتازة .,Positive
"اليوم I have so much work to do , ما أدري كيف رح أخلصه كله .",Negative
اليوم I have too many meetings ومشغول مرة .,Neutral
اليوم I went to the السوق and bought some فواكه .,Neutral
اليوم I went to the سوق to buy some fresh خضار and فواكه .,Neutral
اليوم I’m going to the mall بعد الظهر .,Neutral
اليوم I’m planning to go to the mall بس محتار إيش أشتري .,Neutral
اليوم I have too much work وما عندي وقت أرتاح .,Negative
اليوم I visited the new mall والديكور كان ممتاز جداً !,Positive
اليوم I’m feeling a bit tired so ما رح أطلع .,Negative
"اليوم I’m feeling really tired ، بس لازم أشتغل .",Negative
"اليوم I’m feeling super tired , ما أقدر أركز .",Negative
اليوم I’m really tired وما أقدر أروح الدوام .,Negative
اليوم it's really hot برا .,Negative
اليوم meeting كان جداً productive !,Positive
اليوم meeting مع الفريق كان مره productive والحمدلله .,Positive
اليوم seriously كان تعب !,Negative
اليوم the weather was really nice في جدة .,Positive
اليوم meeting حقنا في المكتب الساعة 3 pm .,Neutral
اليوم meeting عندنا جداً important فلازم نكون كلنا on time .,Neutral
اليوم we are going to the market لأنه الجو حلو .,Positive
"اليوم weather was really nice , واحنا قررنا نروح للبحر for a picnic .",Positive
اليوم weather كان مرة حلو في الظهران .,Positive
اليوم weather مرررررة hot !,Negative
اليوم meeting في المكتب مع الفريق الجديد .,Neutral
اليوم my friends رايحين للسينما .,Neutral
اليوم we're going to the mall عشان نشوف the new collection .,Neutral
اليوم we’re going to الكتاب fair .,Neutral
اليوم ال weekend بروح mall وأتسوق مع صديقاتي .,Neutral
"اليوم الجو حار , so we decided to stay indoors .",Negative
"اليوم الجو كان جداً حار , so we decided to stay indoors and watch a movie .",Neutral
"اليوم ال project حقنا كان super challenging بس الحمدلله ، the team managed to finish it on time .",Positive
"اليوم الجو كان مرة حار ، so I decided to stay home and relax .",Neutral
اليوم الاجتماع كان amazing وصراحة استفدنا كثير !,Positive
"اليوم الجو مرة حار , so I'm just going to stay indoors .",Neutral
اليوم الجو perfect for a picnic .,Positive
اليوم الجو was really nice .,Positive
اليوم الجو was really nice and sunny in الرياض .,Positive
اليوم الجو حلو ونقدر نروح for a walk in the park .,Positive
"اليوم الجو كان amazing ، روحنا الكافي وشربنا lattes .",Positive
"اليوم الجو كان perfect ، قررنا نروح للبحر بعد الشغل .",Positive
اليوم الجو كان perfect لدرجة ما أحد يبغى يجلس في البيت .,Positive
اليوم الجو كان really nice بالمرة .,Positive
اليوم أنا رايح to the grocery store after work .,Neutral
"اليوم الجو كان so hot ، يعني ما قدرنا نطلع برا .",Negative
اليوم الجو كان very hot والمكيف ما اشتغل .,Negative
اليوم أنا رايح to the grocery store وأحتاج أشتري some vegetables and fruits .,Neutral
اليوم الجو كان very hot وما اتحملنا نطلع .,Negative
اليوم الجو كان very hot وما قدرنا نطلع البحر .,Negative
"اليوم الجو كان جميل ، so we decided to go for a walk .",Positive
اليوم بالليل راح نروح للسينما نشوف the new movie اللي نزلت .,Neutral
"اليوم بعد الدوام , let's go to the mall for some shopping .",Neutral
"اليوم الجو كان حار جداً ، so I decided to stay indoors .",Negative
اليوم بعد الشغل حروح الكوفي for a meeting .,Neutral
اليوم بعد الشغل راح نروح نلعب bowling مع ال friends .,Neutral
"اليوم بعد العمل , I plan to go to the سوق to buy some fresh vegetables .",Neutral
"اليوم الجو كان مرة حلو , بس unfortunately I had to stay indoors .",Negative
"اليوم الجو مرّة hot ، ما قدرت أطلع من البيت .",Negative
اليوم الجو مرة hot برا !,Negative
"اليوم الجو مرة nice ، وقررت أروح للبحر بعد الدوام .",Positive
"اليوم بعد العمل ، I plan to go to the mall مع أصحابي .",Neutral
"اليوم الجو مرة حار ، so I'm staying inside .",Negative
"اليوم الجو مره perfect , نمشي الكورنيش ؟",Positive
"اليوم الجو مره حار , let's go to the beach for some fun .",Positive
"اليوم بعد المدرسة ، we're going to the mall .",Neutral
"اليوم الجو مره حلو , so let's go to the park .",Positive
"اليوم الجو ممتاز ، and I'm feeling really good .",Positive
اليوم الشغل كان too stressful بصراحة .,Negative
اليوم الشغل كان very stressful بصراحة .,Negative
اليوم الكلاس كان online والمحتوى كان جداً ممتاز .,Positive
اليوم الكلاس كان really interesting وحبيت النقاش مع الدكتور .,Positive
اليوم الميتينج كان مره productive والحمدلله الشباب كانوا جداً cooperative .,Positive
اليوم حروح مع أصحابي to the mall .,Neutral
"اليوم أنا feeling really tired ، ما أقدر أروح الدوام .",Negative
اليوم أنا Really excited إننا بنروح السينما بالليل .,Positive
اليوم أنا super busy وما أعتقد إنّي أخلص كل الشغل .,Negative
اليوم راح نسوي presentation عن sustainable development .,Neutral
اليوم أنا جداً excited عشان بروح ال concert مع أصحابي .,Positive
اليوم أنا مرة busy وما أقدر أروح ال mall .,Negative
اليوم أنا مره متحمس because we're going to the beach !,Positive
"اليوم بدري شفت my friend في المول , وما قدرنا نسوي shopping because it was too crowded .",Negative
اليوم رايح المول because I need to buy some groceries .,Neutral
اليوم رايحين to the mall with friends .,Neutral
اليوم رايحين نلعب bowling بعد ما نخلص الشغل .,Neutral
اليوم رح أروح to the mall وأشتري some new clothes .,Neutral
اليوم رح نروح to the mall عشان نشتري أشياء جديدة .,Neutral
اليوم رح نروح للسينما because they are showing a new movie .,Neutral
اليوم رحت to the mall واشتريت a new pair of shoes .,Neutral
اليوم جو الرياض was amazing !,Positive
اليوم حسيت إني so tired وما قدرت أركز .,Negative
اليوم حنفطر في Starbucks لأنه their coffee is the best .,Positive
اليوم خلصت my project قبل الموعد المحدد !,Positive
اليوم دايما أحس إن my productivity level is really high .,Positive
اليوم رحت المول وكأن المكان super crowded .,Negative
اليوم رحنا the new mall وكان مرة حلو .,Positive
اليوم رحنا to the mall وما لقينا parking !,Negative
اليوم رحت السوق and bought some groceries for dinner .,Neutral
اليوم رحت للسوبرماركت and bought some groceries for the week .,Neutral
اليوم رحنا لل mall and had an amazing time !,Positive
اليوم رحنا للمنتزه and we had a great time !,Positive
اليوم روحت للشركة and I was really productive !,Positive
اليوم رحنا للسوق and we bought some new clothes .,Neutral
اليوم شفت فيلم كان really amazing وأعتقد إنك حتستمتع بيه .,Positive
اليوم عندنا meeting الساعة 3 في ال office .,Neutral
اليوم عندي busy schedule وما أقدر أطلع معاكم,Negative
اليوم عندي important meeting في المكتب .,Neutral
اليوم عندي interview مع شركة جديدة بخصوص my career development .,Neutral
اليوم عندي final exam ومره متوتر !,Negative
"اليوم عندي meeting مع المدير ، and I'm a bit nervous .",Negative
اليوم عندي meeting مع المدير والصراحة أنا شوية stressed .,Negative
اليوم عندي meeting الساعة 3 العصر في المكتب .,Neutral
"اليوم عندي meeting مهم في المكتب ، إن شاء الله الأمور تمشي smoothly .",Positive
"اليوم فعلاً كان so exhausting , وما أتخيل بكره أفضل .",Negative
اليوم عندي meeting بعد الظهر وأحتاج أجهز ال presentation قبل ما أروح .,Neutral
اليوم عندي meeting في المكتب بس بعدين بروح الكافيه .,Neutral
اليوم في الشغل كنت really busy وما لحقت أخلص tasks المطلوبة مني .,Negative
اليوم في المكتب كان عندنا meeting وكان حلو و productive .,Positive
اليوم قررت that I need to start eating healthier عشان أشعر بنشاط أكثر .,Positive
اليوم قضيت وقت ممتع مع ال family في ال mall .,Positive
اليوم كان hectic بالدوام وما قدرت أخلص كل الشغل .,Negative
اليوم كان meeting مرة طويل ومعظمه كان boring .,Negative
اليوم كان very exhausting وصعب التركيز بالشغل .,Negative
اليوم كان جداً busy بالشغل وما خلصت أي شيء !,Negative
اليوم كان جداً busy في الدوام والمشاريع ما تخلص !,Negative
"اليوم كان جداً busy في المكتب ، ما قدرت even آخذ break .",Negative
اليوم كان جداً busy وما قدرت آخذ break .,Negative
اليوم كان جداً busy وما كان عندي time أخلص كل ال tasks .,Negative
"اليوم كان زحمة في ال traffic ، وصراحة ما قدرت أوصل ال meeting on time .",Negative
اليوم كان عندي a really busy schedule because كان عندي meetings طول اليوم .,Neutral
اليوم كان عندي a really busy schedule وما قدرت أسوي أي شيء .,Negative
اليوم كان عندي a very productive day in the office .,Positive
اليوم كان عندي interview وكنت مرّة nervous .,Negative
اليوم كان عندي meeting مع ال manager وكان مره productive .,Positive
اليوم كان عندي meeting مع ال team وحللنا كل ال issues الحمدلله .,Positive
اليوم عندي meeting مع manager في المكتب .,Neutral
"اليوم كان عندي meeting مع المدير ، وبصراحة كانت ملاحظاته very beneficial لتطوير المشروع .",Positive
اليوم كان عندي meeting مع المدير وكان جداً مفيد .,Positive
اليوم كان عندي meeting مع زملائي في العمل وخلصناه بسرعة .,Positive
اليوم كان عندي meeting وأتأخرت عشان الزحمة .,Negative
"اليوم كان مرة حلو , I had so much fun with my friends .",Positive
اليوم كان مره busy وما قدرت أخلص ال assignments .,Negative
اليوم كان مره hectic في المكتب !,Negative
اليوم كان مره حلو because the weather was just perfect .,Positive
اليوم كانت عندي meeting مع المدير وهو كان very impressed بالأفكار الجديدة .,Positive
اليوم كانت مرة busy في الشغل .,Negative
اليوم كنت at the mall وشفت a really cool jacket .,Neutral
اليوم كنت busy وما رجعت البيت إلا متأخر .,Negative
اليوم كنت جداً busy وما قدرت أروح للموعد .,Negative
اليوم كنت في الهايبرماركت and I found some really good deals on electronics .,Positive
اليوم كنت مره busy بالشغل وما كان عندي وقت أبدًا للراحة .,Negative
اليوم عندي meeting مع ال team الساعة أربع .,Neutral
اليوم عندي meeting مع ال team حقنا بالشركة .,Neutral
اليوم مرّة busy وما لحقت أسوي anything fun .,Negative
اليوم مره حلو because the weather is just perfect .,Positive
اليوم عندي meeting مع ال team عالساعة ثمانية .,Neutral
إذا انت تسوي your best في الحياة راح تلقى النجاح,Positive
أحتاج أشتري new laptop لأن old one صار بطيء مرة .,Negative
"أكيد , It's really interesting لما نشوف اللغات تمتزج سوا .",Positive
اليوم عندي meeting مع ال team عشان نراجع ال project progress .,Neutral
"أكيد ، أنا مرة busy اليوم وما أقدر أجي .",Negative
اليوم عندي meeting مع الفريق and we need to finalize the مشروع by نهاية الأسبوع .,Neutral
"أكيد ، خليني أحاول : The weather اليوم كان مرة حار وصار لازم نشغل التكييف .",Neutral
"أكيد ، كنت أدرس و suddenly I realized I forgot my notes at home .",Negative
أكيد I am excited إني بروح المهرجان الليلة .,Positive
أكيد الزحمة اليوم كانت crazy بالمول !,Negative
أكيد اليوم weather is amazing في الرياض .,Positive
أكيد اليوم راح أكون جداً busy مع الشغل .,Neutral
أمس I went to the mall وفجأة I saw an old friend ما شفته من زمان .,Neutral
أمس we went to the mall و كان crowded جدا .,Negative
أمس انسدت الطرق بسبب the heavy rain .,Negative
أمس حضرت a really interesting concert in الرياض .,Positive
أمس ختمت my project بنجاح والحمد لله .,Positive
أمس رحت المول وشريت a really nice dress .,Positive
أمس رحت للسوق and I found a really nice coffee shop .,Positive
"أمس روحت المول ، وكان فيه amazing عروض .",Positive
أمس شفت فيلم جديد وكان honestly the best movie I've seen this year .,Positive
أمس شفت فيلم وكان honestly one of the best movies I've ever seen .,Positive
اليوم عندي meeting مع الفريق في المكتب الساعة 3 .,Neutral
أمس ضاع مني الجوال وجاني إحساس it's gonna be a long day .,Negative
أمس في الدوام كان meeting كتير طويل وممل .,Negative
أمس كان الجو very nice في الرياض .,Positive
اليوم عندي meeting مع المدير حقنا حول ال new project اللي بنشتغل عليه .,Neutral
اليوم عندي meeting مع المدير في المكتب بعد الظهر .,Neutral
أمس كان اليوم busy جداً في الدوام .,Negative
أمس كان أحسن day في حياتي !,Positive
أمس كان عندنا meeting بالليل وخلصنا كل الشغل الحمدلله .,Positive
أمس كان عندي a really great time في الكوفي .,Positive
اليوم عندي meeting مع المدير وبعدها بنروح للمطعم السعودي .,Neutral
اليوم عندي meeting مهم مره وكمان after we finish عندي شوية tasks .,Neutral
اليوم عندي meeting وبعدين بروح عند أهلي .,Neutral
أمس كان عندي meeting في المكتب وكل الأشياء كانت تمام .,Positive
أمس كان عندي meeting مع ال team وتحس everything was so productive .,Positive
اليوم عندي اجتماع مهم in the afternoon .,Neutral
أمس كان عندي meeting مع ال team وما خلصنا إلا بعد العشاء .,Neutral
أمس كان عندي meeting مع المدير وعطاني feedback مره مفيد .,Positive
اليوم عندي اجتماع مهم with the project team بعد الظهر .,Neutral
أمس كنا رايحين للمول وشفنا a really cool shop .,Positive
أمس كنا في المول وشفت friend قديم ما شفته من زمان .,Neutral
أمس كنا في المول وعجبني هداك الستايل modern مرة .,Positive
أمس كنا في مول و فجأة صار power outage !,Neutral
أمس كنا نسوي شوبينق في المول وفجأة بدأت heavy rain !,Neutral
أمس كنت at the mall وقابلت صديقي اللّي ما شفته من زمان .,Neutral
أمس كنت busy مرة وما قدرت أخلص ال report اللي مطلوب مني .,Negative
"اليوم عندي كتير شغل , but I’ll try to finish early .",Neutral
اليوم قررت أروح to the mall after work .,Neutral
اليوم قررت أروح لل mall عشان أشتري بعض الأشياء for the upcoming trip .,Neutral
اليوم قررت أني أشتري a new phone لأنه حقي صار قديم .,Neutral
أمس كنت driving around الرياض وما توقعت the traffic يكون بهذا الزحمة .,Negative
اليوم كان الاجتماع في office الجديد .,Neutral
"اليوم كان الجو حار ، so we decided to go to the beach .",Neutral
أمس كنت بالرياض وما لقيت ولا single parking spot .,Negative
"اليوم كان الجو حار جداً , so I decided to stay home and watch Netflix .",Neutral
أمس كنت بذاكر في الجامعة وفجأة teacher سألني سؤال صعب .,Negative
أمس كنت بروح للمول بس my car broke down فجأة .,Negative
أمس كنت تعبان جداً because I worked late .,Negative
أمس كنت جداً tired وما قدرت أكمل شغلي .,Negative
"اليوم كان طويل ، so I decided to relax with a movie .",Neutral
أمس كنت في the mall مع أصحابي وضحكنا كثير .,Positive
أمس كنت في الرياض and it was an amazing experience .,Positive
"أمس كنت في المطعم and I tried their new dish , وكان مرة لذيذ .",Positive
"أمس كنت في المول ، وفجأة شفت my old school friend هناك !",Neutral
اليوم كان عندي meeting في المكتب وبعدها رحنا نتعشى في restaurant جديد .,Neutral
أنا today شفت فيلم مرة حلو at the cinema .,Positive
اليوم كان عندي meeting مرة مهم مع ال team في المكتب .,Neutral
أنا اليوم I feel really tired لأن النوم كان جداً قليل .,Negative
أنا اليوم was really good لأن الجو كان perfect .,Positive
اليوم كان عندي meeting مع المدير وأخذنا قرار new strategy للشركة .,Neutral
أنا اليوم جداً excited لأني حأزور المعرض الجديد .,Positive
أنا اليوم جداً تعبان because I didn't sleep well last night .,Negative
اليوم كان عندي meeting مع المدير وقررنا نبدأ المشروع الجديد الأسبوع الجاي .,Neutral
اليوم كان عندي meeting مهم مع الفريق .,Neutral
"اليوم كان مره hectic في العمل ، وبعدين قررت أروح لكافي وأسترخي .",Negative
أنا اليوم حاس إنه my energy levels شوي منخفضة .,Negative
أنا اليوم حاس إني really tired فقررت أني آخذ nap شوي .,Negative
أنا اليوم حاسس كتير stress من الشغل .,Negative
أنا اليوم رحت to the beach عشان الجو كان جداً جميل .,Positive
اليوم كنت at the mall وشفت a new store للأزياء .,Neutral
أنا اليوم رحت السوق and I found some really good deals على الملابس .,Neutral
أنا اليوم كنت feeling so happy لأني شفت أصحابي in the café .,Positive
"أنا اليوم كنت very busy ، ما قدرت أشوفك .",Negative
"أنا اليوم مره مشغول ، عندي meeting مع المدير later .",Neutral
"أنا اليوم مشغول جداً ، so I'll have to cancel our meeting .",Negative
اليوم كنت thinking about going to the mall بعد الشغل .,Neutral
اليوم كنت افكر in applying for a new job .,Neutral
أنا أحب drinking coffee كل صباح لأنه wake me up .,Positive
"أنا أحب going to the beach ، especially خلال الصيف .",Positive
أنا أحب learning new things every day في حياتي .,Positive
اليوم كنت أبغى أروح للسوق بس كان عندي الكثير of work to finish .,Neutral
اليوم كنت في the supermarket واشتريت some groceries .,Neutral
"اليوم كنت مشغول في العمل , but I managed to finish early .",Neutral
اليوم ماراح أقدر أجي لأن عندي meeting مهم في المكتب .,Neutral
أنا أحب to go to the mall عشان أتسوق with my friends .,Positive
اليوم ناقشت مشروع ال final مع الدكتور .,Neutral
أنا أحب to visit the desert and experience the culture هناك .,Positive
اليوم نحتاج نخلص ال project لأنه ال deadline بكره .,Neutral
انا رايح لصديقي house's عشان عندنا شغل نسويه مع بعض .,Neutral
أنا أحب أروح للمطعم because the food is amazing .,Positive
أنا بحب to visit الحرم المكي during رمضان .,Positive
إنت تعرف وين ال computer حقي ؟,Neutral
أنا بحب أتعلّم new skills كل يوم .,Positive
أنا بحب أسافر للخارج because it opens up the ذهن .,Positive
أنا بسوي this project عشان it's really important for my career .,Neutral
أنا بصراحة أحب weekend trips لأنها تريحني من ضغط الشغل .,Positive
أنا جداً tired الأيام هذه في العمل .,Negative
أنا حابب أروح ال mall بعد الظهر علشان فيه عروض مرة حلوة today .,Positive
إيش رأيك in trying that new restaurant اللي فتح قريب من بيتنا ؟,Neutral
أنا خلاص تعبت من studying كل يوم .,Negative
أنا دايمًا أحب to travel every summer مع أصحابي .,Positive
"أنا دايمًا أحب to try new things , خاصة لما تكون مرتبطه بالثقافة والتاريخ .",Positive
إيش رأيك نروح ال mall بعدين نجيب شاي ؟,Neutral
أنا دايمًا أحب أروح the mall مع أصحابي .,Positive
أنا دايمًا أحب أروح to the park وآخذ لي قهوة .,Positive
أبغى أطّلب a pepperoni pizza for dinner .,Neutral
أحتاج أروح للسوق بعد ال meeting .,Neutral
أنا دايمًا أكون excited لما أروح جدة .,Positive
"أكيد ، I'm going to the mall بعد شوي .",Neutral
أنا دايماً أحب to travel كل سنة with my family .,Positive
"أنا دايماً أحب to try new things , عشان الحياة قصيرة .",Positive
أنا دايماً أحب أروح to the mall بعد الدوام .,Positive
أنا رايح لل mall بكرة عشان فيه sale رهيب .,Positive
أنا رايح للمطعم because I heard their Kabsa is outstanding .,Positive
"أكيد ، I'm ready to start the project بس محتاج منك شوية تفاصيل .",Neutral
أنا رحت to the mall واليوم كان مزدحم جدا .,Negative
أنا صراحة أحب the coffee in that café لأنها مرة delicious و the atmosphere هناك so relaxing .,Positive
أنا كنت at the mall و شفت صديقي القديم اللي ما شفته for years .,Positive
"أكيد ، I will be there at 7 o'clock إن شاء الله .",Neutral
أنا كنت أبحث for my keys وما قدرت ألاقيهم .,Negative
أنا كنت أمس في ال mall وشفت صديقي اللي ما شفته من زمان .,Positive
أنا كنت بالجيم yesterday and it was really crowded .,Negative
أنا كنت في الرياض أمس and it was really exciting .,Positive
أنا كنت في السوق and I found the perfect dress for the party .,Positive
أنا كنت ناوي أروح الڤيليج بس suddenly I had to cancel .,Negative
أنا ما عندي شغل today بس اشغل Netflix وأريح .,Neutral
أنا مرا تعبان because I stayed up all night studying .,Negative
"أنا مرة busy اليوم ، فما أقدر أروح ال mall معاكم .",Negative
أنا مرة happy اليوم لأنه خلصت ال project تبعي .,Positive
"أكيد ، I will call you بعد ما أوصل البيت .",Neutral
"أكيد ، I will help you with that في أقرب وقت ممكن .",Neutral
"أنا مرة hungry ، ما أكلت from الصباح .",Negative
أنا مرة hungry اليوم وما عندي وقت أطبخ .,Negative
أنا مرة hungry بس ما عندي وقت أطبخ شي .,Negative
"أكيد ، I’ll be there by 7 , بس لازم أخلص شغلي الأول .",Neutral
"أكيد ، I’ll meet you at the mall بعد العشا .",Neutral
"أكيد ، I’m going to the mall اليوم عشان أشتري بعض الأشياء الجديدة .",Neutral
أنا مرة hungry لأني ما أكلت شيء today .,Negative
"أكيد ، let's meet after work ونحكي تفاصيل المشروع .",Neutral
"أكيد ، let's meet at the café الساعة ٧ .",Neutral
"أكيد ، let's meet up عند الكوفي اليوم بعد الظهر .",Neutral
أنا مرة hungry وما أدري إيش آكل .,Neutral
أنا مرة hungry وما أقدر أركز .,Negative
"أكيد ، let’s meet after lunch بس خلينا نتفق على الوقت .",Neutral
"أكيد ، أنا today رايح المول because I need some new clothes .",Neutral
أنا مرة hungry وما عندي أي فكرة وش أبي آكل .,Negative
"أكيد ، أنا رايح المول later today عشان أشتري some new clothes .",Neutral
أنا مرة hungry وما فيه أي مطاعم مفتوحة الآن .,Negative
"أكيد ، أنا رايح المول عشان أشتري some groceries .",Neutral
"أكيد ، أنا رايح للمول بعد الظهر if you wanna join me .",Neutral
"أنا مرة tired اليوم ، ما قدرت أنام كويس .",Negative
"أكيد ، خلينا نروح the new café اللي افتتحوه أمس .",Neutral
"أكيد ، خلينا نروح للمول عشان في there’s a big sale today .",Neutral
أنا مرة tired اليوم وما عندي أي motivation أشتغل .,Negative
أنا مرة tired بس لازم أخلص هالشغل tonight .,Negative
أنا مرة تعبان today because I didn't sleep well الليلة اللي فاتت .,Negative
أنا مره hungry وما في وقت أطبخ dinner .,Negative
أنا مره تعبان today .,Negative
"أكيد ، خليني أخلص هذا task وبعدين نتكلم .",Neutral
أنا مره تعبان today بعد الشغل الطويل .,Negative
أكيد there's a lot we need to discuss before الفعالية تبدأ اليوم .,Neutral
"أنا مره تعبان اليوم , I couldn't sleep at all last night .",Negative
أنا مره تعبان اليوم because I stayed up all night .,Negative
أكيد الأسبوع الجاي we’re going on a road trip .,Neutral
بالله ماني عارف كيف to solve this problem .,Negative
أكيد اليوم احنا going to the mall عشان نشتري بعض الهدايا .,Neutral
بالويكند كان عندي meeting مع الفريق وكل شي كان perfect !,Positive
"بصراحة ، I think the best thing نسويه هو إننا نتعاون more closely to achieve our goals .",Neutral
"أكيد راح أكون there by 6 o'clock , لا تشيل هم .",Neutral
أكيد راح أكون هناك on time بس تأكد إنك تحجز لي تذكرة .,Neutral
"بصراحة ، ال weekend كانت جداً مريحة بالمزرعة .",Positive
"بصراحة ، البروجكت هذا مرة interesting وأحتاج أركز عليه أكثر .",Positive
"أمس , I went to the mall عشان أشتري some new shoes .",Neutral
"أمس ، رحنا to the mall وبعدين we watched a movie .",Neutral
"بصراحة ، الكافي هذا مرة cozy وأحب أدرّس فيه .",Positive
"بصراحة ، المول الجديد في جدة amazing !",Positive
أمس I went to the mall with my friends عشان نتسوق وناخذ لنا بعض الأشياء الجديدة .,Neutral
"بصراحة ، أنا ما أقدر أشتري هذه السيارة لأنها too expensive .",Negative
أمس I went to the market with my friends وتغدينا سوا .,Neutral
"بصراحة ، أنا مرة happy to see you هنا في الرياض .",Positive
أمس we went to the mall وشفنا محمد هناك .,Neutral
"بصراحة ، فيه traffic جامد اليوم وما أظن إننا هنقدر نوصل on time .",Negative
أمس رحت to the mall مع أصحابي .,Neutral
أمس رحت المول واشتريت a new jacket .,Neutral
أمس رحت ل restaurant وجربت the new dish .,Neutral
أمس رحت للسوبرماركت to buy some groceries .,Neutral
"بصراحة ، كان الميتنج اليوم productive جدًا .",Positive
"أمس رحنا للمول عشان نتسوق ، وبعدين جينا البيت وشغلنا Netflix .",Neutral
أمس عندنا meeting بالمكتب عشان نناقش المشروع الجديد .,Neutral
أمس كان عندي interview في الشركة الجديدة .,Neutral
بصراحة المكان كان amazing وكل الناس كانوا مرّة friendly .,Positive
أمس كان عندي meeting with my friends في الكافيه .,Neutral
"بصراحة أنا حبيت الفيلم الجديد ، كان فعلاً amazing !",Positive
أمس كان عندي meeting مع المدير الجديد وناقشنا بعض المشاريع المستقبلية .,Neutral
أمس كنا رايحين المول لأن كان عندهم a huge sale .,Neutral
أمس كنت at the mall و شريت شوية ملابس جديدة .,Neutral
أمس كنت shopping في mall وجبت لبن من Starbucks .,Neutral
أمس كنت أتسوق في the mall وشريت new shoes .,Neutral
أمس كنت أشتغل late في المكتب because of the project deadline .,Negative
تراني جدًا excited عشان الحفل اليوم !,Positive
أمس كنت رايح المول عشان أشتري some new shoes .,Neutral
تراني مره happy إنك جيت اليوم !,Positive
تراني مضغوط اليوم عندي meeting مع المدير .,Negative
أمس كنت رايح للمول وفجأة I bumped into my old school friend .,Neutral
أمس كنت في the mall وجبت من Starbucks .,Neutral
ترى I'm really tired مره اليوم .,Negative
"أمس كنت في ال mall وشفت صديقي ، قلت له let's grab coffee !",Neutral
ترى my new phone مرة سريع ومميز .,Positive
"أمس كنت في ال mall وقابلت صديقي ، he was so surprised to see me .",Neutral
ترى the new movie مره حلو لازم تشوفه !,Positive
أمس كنت في ال park مع أصحابي وجربنا new game .,Neutral
أمس كنت في المول واشتريت a new pair of shoes .,Neutral
ترى the weather اليوم مره hot !,Negative
أمس كنت في المول وشفت my old school friend .,Neutral
ترى the wifi مو شغال اليوم .,Negative
"أمس كنت قاعد أتكلم مع صديقي ، he said he was really excited about the trip .",Neutral
أنا اليوم at the mall اشتريت a new laptop .,Neutral
أنا اليوم going to the mall مع أصحابي to buy some clothes .,Neutral
أنا اليوم going to the mall وناوي أشتري some new clothes .,Neutral
ترى ال weekend الجاي مره زحمة في الرياض .,Negative
"ترى ال weekend هذا مرّة busy ، ما عندي وقت أسوي أي شيء .",Negative
أنا اليوم I have a lot of work بس رح أحاول أخلص بسرعة .,Neutral
أنا اليوم I went to the mall واشتريت some new clothes .,Neutral
"ترى ال wifi مرّة بطيء ، I can't even open YouTube .",Negative
أنا اليوم went to the mall with my friends عشان نشتري some new clothes .,Neutral
ترى الشغل اليوم كان too stressful !,Negative
ترى الفكرة حقته كان really impressive .,Positive
أنا اليوم went to the mall مع صديقي حسن,Neutral
أنا اليوم went to the mall وأشتريت new shoes .,Neutral
ترى الكتاب this one جداً ممتع .,Positive
أنا اليوم اشتغلت كثير projects واكتشفت إنو I need a break .,Negative
ترى المعمول هنا is really tasty .,Positive
"ترى المول اليوم كان crowded بالحيل ، مو لاقية parking أبدًا !",Negative
"ترى الوضع هنا so complicated ، ما أدري وش الحل .",Negative
أنا اليوم بروح mall after work مع أصحابي .,Neutral
أنا اليوم بشتغل remotely من البيت because it's more convenient .,Neutral
أنا اليوم رايحة ال MALL عشان أشتري شوية stuff حق الحفلة .,Neutral
أنا اليوم رحت to the mall وشريت some new clothes .,Neutral
أنا اليوم عندي meeting مع ال team بعد ال lunch .,Neutral
تصدق ما راح أقدر أحضر ال meeting اليوم .,Negative
"أنا اليوم كنت مره تعبان ، so I decided to take a break .",Negative
"أنا اليوم ما عندي أي meetings ، بس لازم أخلص ال reports .",Neutral
تصدق ما قدرت أركّز في الميتينج اليوم because I didn't sleep well last night .,Negative
"أنا اليوم مشغول at work , فممكن نتكلم later ؟",Neutral
أنا أروح المكتب every day by 8 AM .,Neutral
تصدق والله yesterday i was completely exhausted من الدوام .,Negative
"تصدقين أول ما شفتها ، I was so impressed !",Positive
"تصدقين والله ، هالمكان so relaxing !",Positive
تفاجأت لما شفت ال traffic كان جداً زحمة اليوم .,Negative
جاتني فكرة crazy بس حلوة .,Positive
جيت من العمل وأنا so tired .,Negative
حاس إنه my day is going to be busy بس إن شاء الله everything goes well .,Positive
حسيت إن الجو كان too hot عشان نسوي باربكيو اليوم .,Negative
"حياك الله في السعودية , would you like some coffee ?",Neutral
"خلاص ، I'm so tired today , ما أقدر أروح .",Negative
"خلاص ، أنا hungry وما فيني أنتظر ، متى بناكل ؟",Negative
"خلاص أنا ما أقدر anymore , لازم أطلع .",Negative
خلصت my homework وكان really difficult بس الحمد لله .,Neutral
"خلصت الشغل اليوم ، feel so exhausted !",Negative
خلصت المشروع حقي و I feel really proud !,Positive
"خلصت شغلي اليوم ، so I’m gonna relax now .",Positive
خليت اللابتوب في الكار ولما رجعت كان missing !,Negative
خليت شنطتي في السيارة لأن المول كان crowded مرة .,Negative
خليتك تستناني في the parking lot بس ما شفتك .,Neutral
خليتني nervous مرّة لما شفتك فجأة .,Negative
"خلينا نروح المول ، they have great offers اليوم .",Neutral
أنا بروح to the market عشان أشتري بعض groceries .,Neutral
دايمًا أحب أروح to the beach عشان الجو يكون جميل ويخليني أنسى كل همومي .,Positive
دخلت المطعم ولقيت إنه their menu was very diverse and interesting .,Positive
دخلت المطعم ولقيتهم مسوين special discounts على كل الوجبات .,Positive
رايح الملاهي with my friends عشان نستانس هناك .,Positive
رحت للسوق yesterday وكان الجو ممتاز .,Positive
رحت للسوق yesterday وكان جدا crowded .,Negative
روحنا للمول yesterday وكان crowded مرة .,Negative
‏شفت الشوز الجديد اللي اشتريته من المول ؟ It's so comfortable !,Positive
"شفت الفايل اللي أرسلته لي yesterday , it was really helpful .",Positive
"شفت الفيلم الجديد ؟ Wow ، كان مره رهيب !",Positive
صار له crash وحالياً في المستشفى .,Negative
صار لي ساعة أدور my car keys وما لقيتها !,Negative
صار لي ساعة أدور my keys وما لقيتها !,Negative
"صار لي صديق جديد بالجامعة ، و he’s really cool .",Positive
"صراحة ، أنا خايف about tomorrow's meeting .",Negative
"صراحة ، أنا مره excited للمشروع الجديد حقنا .",Positive
أنا بروح لل mall بعد الشغل عشان أشتري بعض ال groceries .,Neutral
"صراحة الموڤي كان ممتاز بكل المقاييس ، بس ال ending شوي predictable .",Positive
صراحة أنا رحت المول yesterday وكان مرررة crowded .,Negative
صراحة كان الويك إند جداً fun !,Positive
صراحة كنت متأخرة today because of the traffic .,Negative
"صراحة ، البروجكت هذا مو شي بسيط ، بس إن شاء الله everything will be fine .",Neutral
"عملت لك check على الملف ، وكل شي تمام .",Positive
"في طريقي للشغل today , كان في traffic زحمة .",Negative
أنا بكره عندي meeting مهم مع ال manager .,Neutral
أنا حاب أروح to the mall عشان أشتري some new clothes .,Neutral
أنا حجزت the tickets for the concert .,Neutral
كان عندي meeting اليوم وكان جدًا productive الحمد لله .,Positive
كان عندي meeting مهم لكن السيارة تعطلت so I had to call a taxi .,Negative
أنا حوالين الساعة 5 PM إن شاء الله راح أكون هناك .,Neutral
كان عندي اجتماع اليوم morning بس ما قدرت أحضره لأنو كنت تعبان .,Negative
أنا رايح mall نبغى نتقهوى وناخذ لنا break .,Neutral
أنا رايح to the mall with my friends عشان نشتري clothes for the party .,Neutral
أنا رايح to the mall بعدين نروح نآكل .,Neutral
أنا رايح to the mall مع أصحابي after work .,Neutral
أنا رايح to the mall مع أصحابي واخذنا lunch هناك .,Neutral
كان عندي اجتماع مهم today بس نسيته completely .,Negative
"كان ودي نروح ال beach ، بس الجو حار مرة اليوم .",Negative
أنا رايح to the market with my friends عشان نشتري some groceries .,Neutral
أنا رايح to the market عشان أشتري some vegetables .,Neutral
أنا رايح to the store to get some groceries قبل ما يصكر .,Neutral
"كان يوم طويل بالشغل ، so I'm really exhausted right now .",Negative
أنا رايح to the store أبي أشتري some groceries قبل ما يقفلون .,Neutral
أنا رايح to the store أشتري بعض groceries اليوم .,Neutral
"كان يوم طويل في ال office ، بس الحمد لله خلصت كل ال tasks .",Positive
أنا رايح to the store عشان أشتري some groceries للبيت .,Neutral
أنا رايح to the supermarket عشان أشتري شوية أغراض .,Neutral
أنا رايح ال supermarket بعدين بنمر ال coffee shop .,Neutral
أنا رايح السوق later today because I need to buy بعض الأشياء .,Neutral
"كانت الحفلة amazing ، الكل كان having a great time !",Positive
أنا رايح السوق today because I need to buy some groceries .,Neutral
أنا رايح المول later عشان أشتري some new shoes .,Neutral
كانت عندي مشكلة with my computer أمس وأنا حاولت أسوي restart لكن ما اشتغل !,Negative
أنا رايح المول today for some shopping .,Neutral
أنا رايح المول tomorrow عشان أشتري some new shoes .,Neutral
أنا رايح المول عشان أشتري new shoes .,Neutral
أنا رايح أجيب some groceries from the store .,Neutral
أنا رايح للسوبرماركت بس still need to finish my report first .,Neutral
كنا نسولف وفجأة سمعنا صوت very loud .,Negative
"كنت أتابع المسلسل ، but then the internet stopped working فجأة .",Negative
أنا رايح للسوق and then I'll meet my friends .,Neutral
كنت أجهز my presentation بس الكمبيوتر صار فيه مشكلة .,Negative
أنا رايح للسوق because I need some groceries .,Neutral
كنت أسوي homework ولقيت هذا app اللي بيساعد كثير .,Positive
"كنت بسوق وسمعت أغنيتك المفضلة على الراديو , it made my day !",Positive
كنت جالس في المقهى when I realized I forgot my keys at home .,Negative
كنت في ال mall أمس وشفت أشياء مرة cool .,Positive
أنا رايح للمول because I need to buy new clothes .,Neutral
أنا رايح للمول today عشان أشتري بعض الأشياء للبيت .,Neutral
كنت في المول and I found a great deal on shoes .,Positive
أنا رايح للمول with my friends بعد الظهر .,Neutral
"أنا رايح للمول بعد الظهر , wanna join me ?",Neutral
كنت في المول و I forgot to buy milk للأسف .,Negative
"لما رجعت البيت ، I found out إنه ما في كهرباء .",Negative
أنا رايح للمول بعدين I'll meet you at the café .,Neutral
أنا رحت to the mall yesterday عشان أشتري some new shoes .,Neutral
"لما كنت في الرياض , I absolutely loved the traditional food هناك .",Positive
أنا رحت to the store because I needed بعض الأشياء for dinner .,Neutral
أنا سويت الرياضة today وبعدين رحت أشرب قهوة .,Neutral
"أنا فاضي اليوم ، so let's go to the mall .",Neutral
أنا قررت أشتري a new laptop today .,Neutral
أنا قررت أشتري a new laptop هذا الأسبوع .,Neutral
ليش ما نروح للموفيز بعد المدرسة ؟ It’s a great idea !,Positive
أنا كنت at the mall أمس and شريت new shoes .,Neutral
أنا كنت at the mall و شفت a new store مفتوح .,Neutral
أنا كنت at the park with my friends بعدين رحنا نأكل something sweet .,Neutral
أنا كنت going to the market علشان أشتري some fresh vegetables .,Neutral
أنا كنت في the mall أمس وأشتريت some new shoes .,Neutral
أنا كنت في ال Mall ولقيت hot deal على electronics .,Neutral
"أنا كنت في السوق ، and then I saw Ali .",Neutral
أنا لازم أدرس للامتحان tomorrow .,Neutral
ليش ما نقعد برا ؟ The weather is really nice today .,Positive
"أنا مرة hungry ، فين نقدر نلقى a good restaurant ?",Neutral
أنا مرة hungry وأبي أروح للمطعم .,Neutral
أنا مرة hungry ودي آكل something delicious .,Neutral
ما أقدر أروح للدوام today بسبب الزحمة .,Negative
"أنا مشغول today , لازم أخلص شغلي قبل ما أطلع .",Neutral
"أنا مشغول اليوم , عندي meeting مع المدير بعد الظهر .",Neutral
"أول ما خلصت شغلي , I decided to go out for dinner .",Neutral
ما أقدر أسوي upload للصورة الآن لأن الشبكة ضعيفة .,Negative
ما أقدر أصدق how fast الوقت is going .,Negative
ما أقدر أصدق إنو the meeting انلغى فجأة .,Negative
ما أقدر أصدق إني نسيت ال password حقي في البيت .,Negative
ما تأخرت بس لأن كنت stuck في ال traffic .,Negative
ما تقدر تروح للدوام today because your car is broken .,Negative
ما راح أروح اليوم because I'm too tired .,Negative
ما رحت الشغل today because كنت تعبان .,Negative
ما عندك فكرة how exciting this project is .,Positive
ما عندي problem أبدًا .,Positive
ما عندي time to finish the project اليوم .,Negative
ما عندي time أخلص المشروع اليوم .,Negative
ما عندي وقت today to finish the report .,Negative
ما قدرت أكمل الشغل because my laptop crashed .,Negative
ما قدرت أنام last night لأنه كان في صداع .,Negative
ما قدرت آروح للمول أمس because I was really tired .,Negative
ما نقدر نطلع اليوم because the weather is too bad .,Negative
مباراة اليوم كانت exciting مررة !,Positive
مر علي اليوم وكنت seriously overwhelmed من الشغل .,Negative
مرات أحس الوقت يركض بسرعة when I'm busy with work .,Neutral
"مرتاح مع ال job الجديد ، جداً !",Positive
"مشتاق لك ، let's catch up soon .",Positive
بالعادة I go to the market on weekends عشان أشتري الأشياء اللي أحتاجها for the upcoming week .,Neutral
بالله انت شوفت the new movie اللي نزل الأسبوع اللي فات ؟,Neutral
مشتاق لك so much يا أخي .,Positive
بالليل نبغى نروح to the new cafe .,Neutral
ممتاز ! اليوم عندنا meeting مع ال team الساعة ثلاث .,Neutral
بالويكند ناوي أزور my grandma في جدة .,Neutral
بسوي to-do list حقي بعد ال meeting .,Neutral
بكرة I'm going to visit my grandparents عشان ما شفتهم من زمان .,Neutral
بكرة عندي meeting مع ال manager وأحتاج أجهز presentation بسرعة .,Neutral
"بكره عندي meeting مع المدير ، بس لازم أرتب الأوراق قبل .",Neutral
"من أول ما شفتها , I knew she was special .",Positive
من جدك you think بتخلص كل الشغل اليوم ؟,Negative
تخيل بكرة we have a long meeting مع المدير .,Neutral
نسيت البيزنس ميتينغ عشان كنت busy طول اليوم .,Negative
ترى meeting اليوم جداً مهم فلازم نكون on time .,Neutral
ترى ال weekend الجاي راح نروح لكافي جديد بالمول .,Neutral
نفسي أروح للبحر بس عندي meeting كمان شوية,Negative
"هادي الفكرة genius ، أنا مره impressed !",Positive
"هادي الفكرة مرة great ، بس لازم نسويها بسرعة .",Positive
هادي الفكرة مو مره كويسة لأنها complicates الأمور .,Negative
هادي الكوفي شوب is my favorite place to study .,Positive
"هادي فكرة مرررة cool ، خليني أفكر فيها شوي .",Positive
ترى البروجكت هذا جداً important ونحتاج نخلصه بسرعة .,Neutral
هذا المطعم is the best في المدينة .,Positive
هذي السيارة مره كويسة بس I think it’s too expensive .,Neutral
ترى حجزت لك تذاكر لل weekend عشان نشوف the new movie .,Neutral
"هوا الجو اليوم amazing ، ما توقعت يكون كذا .",Positive
"وااااو ، الجو اليوم perfect للشوي !",Positive
"والله ، I really enjoyed the concert أمس .",Positive
خلّي شغلك professional عشان الكل يحترمك .,Neutral
"خلاص , we'll meet up tomorrow عند الكوفي .",Neutral
"خلاص , ترى it's not a big deal .",Neutral
"خلاص ، let's go to the mall اليوم .",Neutral
"والله ، the traffic اليوم كان مرة سيء بالحيل !",Negative
"خلاص ، let's go للمطعم الجديد اللي فتح قريب .",Neutral
"والله ، today كان يوم مره busy وما كان في وقت for a break .",Negative
"خلاص ، let’s meet at the café بعد العصر .",Neutral
"خلاص ، we'll meet at the café بعد الظهر .",Neutral
"والله ، ال weekend هذا كان مرة حماس !",Positive
"خلاص ، أنا رايح لل gym بعد الشغل .",Neutral
"خلصت الشغل ، and now I’m heading home .",Neutral
"والله ، الشوبنج في الأسابيع الأخيرة صار كثير expensive .",Negative
خلصت الشغل وقررت أروح to the mall today .,Neutral
"والله ، كان يوم طويل في the office ، ما خلصت الشغل إلا الساعة 8 .",Negative
خلصت شغلي وأنا رايح Starbucks أجيب قهوة .,Neutral
خلصت شغلي وقررت to go out for dinner .,Neutral
خليت ال car في ال garage عشان كانت الدنيا حر .,Neutral
خليكم ready عشان نطلع بعد شوي .,Neutral
خلينا نتواصل over WhatsApp عشان نرتب الامور .,Neutral
خلينا نجتمع بكرة morning عشان نخلص المشروع بسرعة .,Neutral
خلينا نروح لل mall بعدين نرجع للبيت نتعشى pizza .,Neutral
خليني أتأكد إذا أقدر أحجز لك appointment بكرة .,Neutral
خليني أحجز flight للعطلة الجاية .,Neutral
خليني أشيك my email وبعدين نتكلم .,Neutral
خليني أشيك على ال schedule حقي today .,Neutral
"والله ، كنت بدرس حق الامتحان but I got distracted by a YouTube video .",Negative
"والله ، ما عندي أي idea كيف نحل this problem .",Negative
والله I can't believe كيف الجو حر today !,Negative
والله I forgot my keys في البيت !,Negative
"والله I really need a vacation ، الأمور صارت جداً stressful .",Negative
رايح السوق بعدين I’ll meet you at the café .,Neutral
رايح أسوي presentation للشغل اليوم .,Neutral
"والله it's really hot today , مو قادر أتحمل !",Negative
رح أروح للسوبرماركت بعدين I'll meet you at 5 .,Neutral
رح أروح للمول later اليوم .,Neutral
رح نمشي to the store عشان نشتري groceries for the week .,Neutral
والله it's such a hectic day ما صار عندي وقت آخذ break .,Negative
رحت لل mall عشان أشتري a new pair of shoes اللي شفتها last week .,Neutral
روحت السوق today to buy some groceries .,Neutral
شفت ال new movie في السينما الأسبوع اللي فات .,Neutral
صاحبي جاب لي القهوة بس كانت too cold .,Negative
صار لي أسبوع I'm waiting for your call .,Neutral
والله the movie كان مرة awesome !,Positive
والله the traffic اليوم كان رهيب !,Negative
"طيب ، we'll meet at the mall بعدين نشوف a movie .",Neutral
والله the traffic كان horrible اليوم .,Negative
والله the weather today is حار جداً !,Negative
"طيب ، أنا اليوم عندي meeting الساعة ثنتين .",Neutral
والله today I’m feeling so lazy ما أبغى أسوي شي .,Negative
"والله yesterday كان الشغل مره صعب ، بس الحمدلله finished everything on time .",Positive
"طيب ، بجيب ال groceries بعدين نروح للبيت .",Neutral
والله yesterday كان أحلى يوم في حياتي !,Positive
"طيب ، خلينا نروح للمول بعدين نبدأ ال shopping .",Neutral
"والله yesterday كان عندي meeting مع المدير , وكان صعب جداً .",Negative
في الطريق to the supermarket اشتريت some fresh vegetables .,Neutral
في الويكند حنسافر إلى دبي عشان نحضر ال concert .,Neutral
"كانت السيارة ماراح تشتغل لأن البطارية غير مشحونة ، so we had to call the mechanic .",Neutral
كم مرة رحت to the new mall ؟,Neutral
والله yesterday كان عندي project مره صعب .,Negative
كنا بنسوي shopping في the new mall اللي فتح قريب .,Neutral
كنت اليوم في المكتب وطلبت coffee من المقهى القريب .,Neutral
والله yesterday كنت بالسوق شفت new collection رهيب !,Positive
والله yesterday كنت في the mall وكانت الأسعار مرررة عالية .,Negative
كيف حالك today ؟ أنا كنت thinking about our plans for the weekend .,Neutral
لا تنسى تحضر ال presentation بكره عشان ال manager يبغى يشوف progress .,Neutral
لابس traditional thobe اليوم عشان عندنا formal event بالجامعة .,Neutral
والله البروجكت حقنا كان amazing والكل حب الفكرة !,Positive
"لو أنك تجي معي to the store , يمكن نلقى everything we need there .",Neutral
"لو سمحت , could you help me with هذه المشكلة ؟",Neutral
ليش my phone ما يشتغل ؟,Negative
ليش ما نروح mall اليوم بعد الشغل ؟,Neutral
"والله الجو اليوم perfect ، لازم نطلع و نستمتع .",Positive
ليش ما نروح to the beach بعد الدوام ؟,Neutral
والله الكلاس كان مرة interesting اليوم !,Positive
والله الميتنج كان مره productive اليوم .,Positive
والله اليوم كان meeting جداً مفيد .,Positive
ليش ما نروح لل mall بعدين نمر على ال coffee shop ؟,Neutral
والله اليوم كان stressful بشكل ما تتصور !,Negative
والله اليوم كان جداً busy بس الحمد لله .,Neutral
والله اليوم كان عندي meeting في المكتب وكان جداً productive .,Positive
والله اليوم كان عندي meeting مع ال team وزي ما توقعت everything went really well .,Positive
ليش ما نروح للمول بعدين we can grab something to eat ?,Neutral
والله أنا مره تعبان today .,Negative
ما أقدر أجي اليوم because I'm really busy with work .,Negative
والله صار لي headache من كثر ما اشتغلت على هذا ال project,Negative
ما أقدر أروح للنادي today because I have a lot of work .,Negative
ما تقدر تسوي save للملف من غير ما يكون عندك permission .,Neutral
ما راح أقدر أجي اليوم لأنو عندي meeting مهم في الشغل .,Neutral
ما عندي أي plans اليوم .,Neutral
والله كان الزحمة crazy في الراشد مول اليوم .,Negative
والله كانت الويكند so much fun !,Positive
"والله كانت الويكند مررة حلوة , we had so much fun !",Positive
ما عندي وقت today عشان عندي meeting مهم .,Neutral
متى راح تجي because I need to talk to you وكمان تجيب معاك الكتاب ؟,Neutral
متى راح نقدر نشوف the new movie ؟,Neutral
متى راح نوصل لل destination ؟,Neutral
متى رايح come back البيت يا أخوي ؟,Neutral
"مره تعبت اليوم في الشغل ، so I'm planning to just relax at home tonight .",Neutral
والله كنت جالس في البيت بس I decided to go out and have some fun .,Neutral
ممكن تسوي لي download لهذا الملف ؟,Neutral
مين يبي يروح to the mall اليوم ؟,Neutral
نروح للمول بعدين we can grab some coffee ؟,Neutral
والله ما أقدر أروح للدوام today because I'm feeling sick .,Negative
هل أنتي free اليوم ؟ نبغى نطلع ناكل برا .,Neutral
هي وين ؟ ما شفتها since last week .,Neutral
هيا نروح للمول because I want to buy some new clothes .,Neutral
وش رايكم نروح mall بعد الدوام ؟,Neutral
والله هالمكان جداً amazing خصوصاً في الليل !,Positive
"والله ، أنا كنت thinking about going to the mall later .",Neutral
والله اليوم كنت أدرس لل final exam حقي في Starbucks .,Neutral
والله هذا ال weekend عندنا family gathering in Riyadh .,Neutral
ودي أروح to the new restaurant اللي فتح قريب من بيتنا .,Neutral
وش رأيك نسوي dinner بعدين نروح للسينما ؟,Neutral
وين بتروحي بعد ال meeting اليوم ؟,Neutral
وين حطيت ال USB حقي ؟ ما لقيته .,Neutral
وين رايح اليوم ؟ I thought we were supposed to meet .,Neutral
"والله يا أحمد ، your report كان ممتاز !",Positive
وين رايح بكرة ؟ I’m thinking of driving to the beach .,Neutral
وينك ما جيت ال weekend ؟,Neutral
والله يا شباب I'm not sure إذا بنقدر نخلص المشروع اليوم .,Negative
"يا جماعة ، let's meet up at the café بعد الشغل .",Neutral
والله ياخي yesterday كنت تعبان مره .,Negative
يلا نروح المول عشان I need to buy some groceries .,Neutral
يلا نروح للمول before it gets too crowded .,Neutral
"والله يافلان ، the meeting كان جداً productive بس لازم نشوف ال follow-up actions .",Positive
"واو ، هذي الفكرة are really interesting !",Positive
يلا نروح للمول ونشوف the new movie .,Neutral
وحشني ال vibes حق البحر .,Neutral
"ودي أسافر في الصيف , but I don't have enough time .",Negative
وصلت المدرسة late لأنه زحمة في الطريق .,Negative
وين الموبايل حقي ؟ I can't find it anywhere !,Negative
يعني seriously ما اقدر اتحمل هذا الضغط anymore .,Negative
"يلا نروح المول ، I heard they have great sales today !",Neutral
يلا نروح للمول عشان في عندهم great offers !,Positive
